company_name,ticker,corp_code,sector,subsector,market,revenue_latest,revenue_prev,revenue_cagr_3y,operating_income_latest,operating_margin_latest,total_assets_latest,total_liabilities_latest,total_equity_latest,debt_ratio_latest,disclosure_count_1y,growth_score,risk_score
HLB,028300,00199252,바이오,신약개발,KOSDAQ,68125727347.0,179707913112.0,-0.38429599924094204,-118516152929.0,-1.739668074666347,887424813429.0,235310995214.0,652113818215.0,36.084344272615716,67,0,25
가비아,079940,00506294,AI/SW,클라우드/호스팅,KOSDAQ,282417869366.0,239153945319.0,0.08669410520556942,35109842052.0,0.12431876966856983,634500844201.0,287789538999.0,346711305202.0,83.00552496588736,67,45,25
나노신소재,121600,00439965,이차전지,소재,KOSDAQ,87767284001.0,79912146327.0,0.04799674046043467,2987662289.0,0.034040728535771475,442216673054.0,198041577200.0,244175095854.0,81.10637839921861,29,30,10
네패스,033640,00227333,반도체,패키징,KOSDAQ,464331506206.0,588039209962.0,-0.1113905373225037,3401796348.0,0.007326223404040987,710112535938.0,502876077951.0,207236457987.0,242.65811278368093,27,0,50
뉴로메카,348340,01336461,로봇,협동로봇,KOSDAQ,25269404825.0,9754641463.0,0.6095032236349078,-19015005988.0,-0.7524912485943365,95229546881.0,84360388822.0,10869158059.0,776.1446504326707,48,60,70
대주전자재료,078600,00177816,이차전지,소재,KOSDAQ,219316249770.0,174098407326.0,0.12237505647145341,29353571296.0,0.13384129687965893,622950058762.0,392710922285.0,230239136477.0,170.5665371639501,39,65,30
더블유씨피,393890,01291317,이차전지,분리막,KOSDAQ,322073352106.0,257451425430.0,0.1184839239566966,-70938111834.0,-0.22025452081069105,1810190530958.0,841548385907.0,968642145051.0,86.87918342255195,33,40,10
더존비즈온,012510,00172291,AI/SW,ERP/SaaS,KOSPI,402332391243.0,304302941269.0,0.14984532595256783,88064046059.0,0.21888380845232824,1037613249183.0,482789066484.0,554824182699.0,87.01658679249024,61,80,25
동진쎄미켐,005290,00118804,반도체,소재,KOSDAQ,1408144175958.0,1457214808307.0,-0.01698131319134355,208225729660.0,0.14787245028964324,2016989003189.0,996558402618.0,1020430600571.0,97.6605760411691,39,25,10
두산로보틱스,454910,01105153,로봇,협동로봇,KOSPI,46829943837.0,53038372299.0,-0.11705541088252924,-41202116246.0,-0.8798241652693699,421690971946.0,19189791718.0,402501180228.0,4.767636136403324,52,0,25
레인보우로보틱스,277810,01261644,로봇,협동로봇,KOSDAQ,19346780087.0,13615411936.0,0.1920348562948202,-2978979764.0,-0.1539780651149136,139881005679.0,7129702269.0,132751303410.0,5.3707211046960825,21,40,10
로보스타,090360,00536523,로봇,산업용로봇,KOSDAQ,89140364461.0,143240218469.0,-0.2111313172948458,148546186.0,0.0016664300948084048,112596177645.0,20606274061.0,91989903584.0,22.400582301060368,24,0,10
로보티즈,108490,00946030,로봇,서비스로봇,KOSDAQ,30038231053.0,25856449323.0,0.07783612073038104,-2973503944.0,-0.09899064757686615,100246445003.0,4239672714.0,96006772289.0,4.416014217453034,58,20,25
루닛,328130,01397620,AI/SW,의료AI,KOSDAQ,54179663335.0,,,-67672567880.0,-1.249040021927999,435040757949.0,270179666779.0,164861091170.0,163.8832212389026,62,0,45
보로노이,310210,01327746,바이오,신약개발,KOSDAQ,0.0,9767826850.0,-1.0,-36339049690.0,,73658644252.0,7246106380.0,66412537872.0,10.91075060851576,57,0,25
뷰노,338220,01344202,AI/SW,의료AI,KOSDAQ,25869420408.0,8274530575.0,0.7681604284719372,-12450008523.0,-0.48126352761849633,50182429726.0,19488654983.0,30693774743.0,63.493835952661925,32,60,10
셀트리온제약,068760,00541349,바이오,제약,KOSDAQ,477835307770.0,386039612595.0,0.112559337375705,37222949682.0,0.07789911937591015,669462477938.0,272540920812.0,396921557126.0,68.66367319159835,45,50,10
솔트룩스,304100,01050738,AI/SW,AI플랫폼,KOSDAQ,45944417924.0,30313561776.0,0.23111293080971507,-6631928392.0,-0.14434677141781085,93236129312.0,20565283068.0,72670846244.0,28.299220569070986,19,60,0
알체라,347860,01405451,AI/SW,비전AI,KOSDAQ,17251117521.0,11088745688.0,0.24728989872948093,-10431928553.0,-0.6047103058860438,17756212645.0,10681530215.0,7074682430.0,150.98246911699187,34,60,30
알테오젠,196170,00989619,바이오,플랫폼,KOSDAQ,102854620800.0,28806344498.0,0.8895910733449996,25403990856.0,0.2469893006109843,409011974213.0,134920913122.0,274091061091.0,49.2248497944285,32,100,10
에스피지,058610,00220686,로봇,감속기/부품,KOSDAQ,388476767485.0,440476416653.0,-0.060879771782305525,12335226942.0,0.031752804734909386,397514155964.0,143378467479.0,254135688485.0,56.418076632106995,33,10,10
에이비엘바이오,298380,01256864,바이오,신약개발,KOSDAQ,33403030159.0,67300799414.0,-0.2954970412586265,-59377417080.0,-1.777605708145659,231975702513.0,64695919270.0,167279783243.0,38.675276842043175,63,0,25
에코앤드림,101360,00619640,이차전지,소재,KOSDAQ,104901418831.0,60522326102.0,0.3165364132593935,487160660.0,0.004643985423922945,405770507399.0,184121603761.0,221648903638.0,83.06903428753697,26,60,10
에코프로,086520,00536541,이차전지,소재,KOSDAQ,3127853158129.0,5639741327318.0,-0.2552790254999855,-293038698088.0,-0.0936868463042837,8138264562531.0,4299802389265.0,3838462173266.0,112.01888139505785,145,0,60
엘앤에프,066970,00398701,이차전지,양극재,KOSPI,1907478512809.0,3887293713353.0,-0.29950321040775063,-558685355192.0,-0.2928920831560331,2799831517733.0,2076483586372.0,,,137,0,40
오스코텍,039200,00263654,바이오,신약개발,KOSDAQ,34007602680.0,5062376493.0,1.591855519705586,-2733857885.0,-0.08038960907432008,170778209860.0,38418568371.0,132359641489.0,29.02589334543706,61,60,25
와이즈넛,096250,00351427,AI/SW,검색/AI,KOSDAQ,34920657325.0,35172218324.0,-0.007152264229758454,1702832524.0,0.048762900083811636,57963768348.0,6609646859.0,51354121489.0,12.870723259117147,38,10,10
원익IPS,240810,01135941,반도체,장비,KOSDAQ,748176487524.0,1011484981702.0,-0.13995275608412627,,,1124147065791.0,236686893210.0,887460172581.0,26.670142562188857,44,0,10
유일로보틱스,388720,01152586,로봇,산업용로봇,KOSDAQ,35168850105.0,38445045661.0,-0.043557438664704295,395024451.0,0.011232225387540859,117411457218.0,22383208789.0,95028248429.0,23.55426850335301,54,0,25
유진테크,084370,00531014,반도체,장비,KOSDAQ,338067812312.0,310632917779.0,0.043225450615928196,61177012897.0,0.18096077375310796,539499743575.0,103757408575.0,435742335000.0,23.811642854256977,100,60,40
이오테크닉스,039030,00246417,반도체,레이저/장비,KOSDAQ,320945496298.0,447157589742.0,-0.15280118506325746,31201085341.0,0.09721614947364642,653015311226.0,49983890382.0,603031420844.0,8.288770477671425,17,25,0
제넥신,095700,00545929,바이오,신약개발,KOSDAQ,2932735736.0,16139032166.0,-0.5737172861129578,-37245760360.0,-12.70000563051072,345041837007.0,83361162470.0,261680674537.0,31.85606373779553,25,0,10
주성엔지니어링,036930,00252135,반도체,장비,KOSDAQ,409393371588.0,437938720318.0,-0.03313969386718896,97196211588.0,0.2374152058470919,986824795276.0,420234495676.0,566590299600.0,74.16902406777456,42,40,10
차바이오텍,085660,00525679,바이오,헬스케어,KOSDAQ,1045049021124.0,844582867317.0,0.11236469820274708,-59684136456.0,-0.057111327076127844,2194378669342.0,1475529477270.0,718849192072.0,205.2627301446853,146,40,80
천보,278280,00897752,이차전지,전해질,KOSDAQ,144912632914.0,328858944972.0,-0.3361831165478485,-22751764756.0,-0.15700332192226668,1007851053797.0,592946027624.0,414905026173.0,142.91126648746925,30,0,30
코난테크놀로지,402030,00601988,AI/SW,AI플랫폼,KOSDAQ,26318506558.0,15388168002.0,0.3077874375174734,-14106433041.0,-0.5359891151085124,44386378693.0,24762292934.0,19624085759.0,126.18316714521856,84,60,45
코미코,183300,00997812,반도체,부품/세정,KOSDAQ,507138644286.0,288376003971.0,0.32612295563285865,112461653836.0,0.2217572159075644,800342522976.0,424624460497.0,375718062479.0,113.0167811723807,41,100,30
코스모신소재,005070,00129989,이차전지,양극재,KOSPI,569728589077.0,485605243552.0,0.08315927449660254,25002358115.0,0.04388468227565263,784541943950.0,289009302755.0,495532641195.0,58.3229597263342,42,30,10
테스,095610,00524421,반도체,장비,KOSDAQ,240077826420.0,357991682573.0,-0.18108362190044558,38473734786.0,0.16025526121972128,381186883677.0,50648891417.0,330537992260.0,15.323167866633547,60,40,25
티로보틱스,117730,00867098,로봇,물류/자동화,KOSDAQ,60705396702.0,56729389196.0,0.03445022160722777,-7001978684.0,-0.11534359487629067,106972896821.0,75532456040.0,31440440781.0,240.2398126862317,48,20,50
펩트론,087010,00415868,바이오,약물전달,KOSDAQ,3152181439.0,5813995537.0,-0.26367718606041624,-16527819080.0,-5.243295603327737,168892733798.0,17184168838.0,151708564960.0,11.327092074551517,28,0,10
플리토,300080,01237434,AI/SW,언어데이터,KOSDAQ,20300590454.0,13639437063.0,0.21998955319434366,-396344850.0,-0.019523808969896476,16537997958.0,5520382637.0,11017615321.0,50.105058818653234,44,60,10
피에스케이,319660,01365825,반도체,장비,KOSDAQ,398050977575.0,460909201007.0,-0.07068775749712897,83924423263.0,0.2108383799840992,569356264734.0,97639459052.0,471716805682.0,20.698745068205607,36,40,10
피엔티,137400,00612294,이차전지,장비,KOSDAQ,1035081261981.0,417814489256.0,0.5739664648801279,163228782523.0,0.15769658723277732,1620271365673.0,995710766322.0,624560599351.0,159.42580549536322,52,100,45
한글과컴퓨터,030520,00204262,AI/SW,SW/문서,KOSDAQ,304773304445.0,242008402693.0,0.12220768711858887,40422695177.0,0.1326320074214202,681939379443.0,196273107269.0,485666272174.0,40.4131640417231,60,65,25
한미반도체,042700,00161383,반도체,후공정,KOSPI,558917191547.0,327592058714.0,0.30619209591782814,255391604854.0,0.4569399702075971,710872366678.0,169984503289.0,540887863389.0,31.426939814094002,78,100,25
현대무벡스,319400,01358463,로봇,물류자동화,KOSDAQ,341383043004.0,210456108794.0,0.2736209800731415,24571079650.0,0.0719751029043118,298865266015.0,126722489340.0,172142776675.0,73.61475850900672,33,70,10
후성,093370,00595191,이차전지,전해질/소재,KOSPI,437795018982.0,610564329261.0,-0.1532217507736171,-9575604806.0,-0.02187234753896024,826277280544.0,493529728930.0,332747551614.0,148.31956735252362,25,0,30
휴림로봇,090710,00540429,로봇,산업용로봇,KOSDAQ,133097920524.0,55474362631.0,0.548957402735196,-4938399556.0,-0.03710350647521586,334935432412.0,122545868366.0,212389564046.0,57.698629834495364,34,60,10
휴젤,145020,00888347,바이오,의료미용,KOSDAQ,373046885998.0,281675135067.0,0.15082014062427018,166229170618.0,0.4455986012945601,939439325841.0,98627325098.0,840812000743.0,11.73000920667712,64,80,25
